appointment_id,patient_id,doctor_id,department_id,appointment_date,appointment_time,appointment_status,reason_for_visit,created_at
APT00000012,PAT003257,DOC0036,D002,2026-06-11,15:30,Scheduled,General check-up,2026-06-04
APT00000013,PAT004145,DOC0018,D004,2026-06-25,08:45,Scheduled,Hypertension follow-up,2026-06-17
APT00000058,PAT002944,DOC0015,D004,2026-06-06,13:45,Scheduled,Cough,2026-05-23
APT00000110,PAT000395,DOC0036,D002,2026-06-06,17:15,Scheduled,Chest pain,2026-05-30
APT00000124,PAT000636,DOC0007,D005,2026-06-03,14:15,Scheduled,Follow-up,2026-04-28
APT00000185,PAT001581,DOC0037,D003,2026-06-22,16:15,Scheduled,Diabetes follow-up,2026-05-16
APT00000190,PAT003675,DOC0027,D002,2026-05-26,11:15,Scheduled,Hypertension follow-up,2026-05-19
APT00000191,PAT003230,DOC0053,D011,2026-05-29,09:00,Scheduled,Chest pain,2026-05-04
APT00000218,PAT003621,DOC0058,D011,2026-06-07,11:30,Scheduled,Chest pain,2026-05-02
APT00000220,PAT001708,DOC0021,D003,2026-06-01,16:45,Scheduled,Pregnancy check,2026-05-18
APT00000232,PAT000681,DOC0055,D005,2026-06-10,15:00,Scheduled,General check-up,2026-05-06
APT00000242,PAT003603,DOC0042,D002,2026-07-03,17:00,Scheduled,Pregnancy check,2026-07-01
APT00000291,PAT000006,DOC0058,D011,2026-06-06,10:15,Scheduled,Follow-up,2026-05-15
APT00000359,PAT002235,DOC0021,D003,2026-06-15,08:15,Scheduled,Back pain,2026-05-11
APT00000368,PAT003263,DOC0012,D004,2026-06-30,11:00,Scheduled,Cough,2026-06-19
APT00000384,PAT001976,DOC0056,D003,2026-06-13,17:00,Scheduled,Follow-up,2026-06-03
APT00000414,PAT002955,DOC0026,D011,2026-06-19,09:30,Scheduled,Follow-up,2026-05-14
APT00000489,PAT002428,DOC0058,D011,2026-06-06,07:00,Scheduled,Hypertension follow-up,2026-05-14
APT00000696,PAT002992,DOC0029,D002,2026-06-08,08:30,Scheduled,Follow-up,2026-05-01
APT00000707,PAT001901,DOC0058,D011,2026-07-05,09:45,Scheduled,Abdominal pain,2026-06-06
APT00000756,PAT000767,DOC0056,D003,2026-06-12,11:15,Scheduled,Abdominal pain,2026-05-19
APT00000782,PAT001483,DOC0056,D003,2026-06-22,12:45,Scheduled,Diabetes follow-up,2026-06-21
APT00000783,PAT001649,DOC0020,D011,2026-06-09,16:00,Scheduled,Abdominal pain,2026-05-24
APT00000858,PAT001183,DOC0028,D001,2026-06-01,15:00,Scheduled,Pregnancy check,2026-05-15
APT00000978,PAT000107,DOC0038,D005,2026-06-26,15:45,Scheduled,Abdominal pain,2026-06-10
APT00001000,PAT002306,DOC0041,D002,2026-05-27,11:45,Scheduled,Pregnancy check,2026-05-21
APT00001017,PAT003723,DOC0049,D011,2026-06-19,16:30,Scheduled,Back pain,2026-05-30
APT00001066,PAT003056,DOC0026,D011,2026-06-30,15:45,Scheduled,Chest pain,2026-06-11
APT00001196,PAT003388,DOC0020,D011,2026-06-30,07:00,Scheduled,General check-up,2026-05-25
APT00001204,PAT000527,DOC0026,D011,2026-06-17,12:45,Scheduled,Hypertension follow-up,2026-06-09
APT00001213,PAT000993,DOC0050,D003,2026-06-03,10:15,Scheduled,Follow-up,2026-05-14
APT00001250,PAT002469,DOC0053,D011,2026-06-13,07:30,Scheduled,General check-up,2026-05-24
APT00001310,PAT002542,DOC0030,D011,2026-06-29,10:45,Scheduled,Fever,2026-05-30
APT00001315,PAT000874,DOC0005,D002,2026-06-27,15:45,Scheduled,Follow-up,2026-06-13
APT00001386,PAT000807,DOC0049,D011,2026-05-29,16:45,Scheduled,Fever,2026-05-23
APT00001411,PAT003879,DOC0026,D011,2026-06-26,16:45,Scheduled,Diabetes follow-up,2026-05-19
APT00001438,PAT002034,DOC0049,D011,2026-07-02,07:15,Scheduled,Fever,2026-05-27
APT00001496,PAT000138,DOC0030,D011,2026-06-28,14:45,Scheduled,Hypertension follow-up,2026-05-25
APT00001596,PAT000737,DOC0008,D011,2026-05-26,12:00,Scheduled,Fever,2026-05-19
APT00001604,PAT000413,DOC0008,D011,2026-06-08,07:00,Scheduled,Chest pain,2026-05-02
APT00001661,PAT001888,DOC0013,D012,2026-06-13,13:45,Scheduled,Pregnancy check,2026-05-08
APT00001676,PAT003123,DOC0058,D011,2026-06-03,09:45,Scheduled,General check-up,2026-05-19
APT00001716,PAT003970,DOC0049,D011,2026-06-01,10:15,Scheduled,Diabetes follow-up,2026-05-07
APT00001752,PAT001744,DOC0020,D011,2026-06-16,15:15,Scheduled,Abdominal pain,2026-05-27
APT00001760,PAT002827,DOC0027,D002,2026-07-06,17:30,Scheduled,Chest pain,2026-06-05
APT00001807,PAT001377,DOC0053,D011,2026-06-22,12:30,Scheduled,Fever,2026-06-01
APT00001820,PAT002322,DOC0056,D003,2026-06-09,08:15,Scheduled,Diabetes follow-up,2026-06-05
APT00001834,PAT000569,DOC0035,D012,2026-05-30,16:45,Scheduled,Back pain,2026-05-22
APT00001845,PAT002495,DOC0030,D011,2026-06-06,09:45,Scheduled,Cough,2026-05-10
APT00001850,PAT004013,DOC0005,D002,2026-05-28,13:45,Scheduled,Cough,2026-05-26
APT00001861,PAT001955,DOC0021,D003,2026-06-10,12:00,Scheduled,Cough,2026-05-25
APT00001881,PAT001850,DOC0046,D012,2026-06-02,15:45,Scheduled,General check-up,2026-04-18
APT00001906,PAT000044,DOC0013,D012,2026-06-08,12:00,Scheduled,Chest pain,2026-05-27
APT00001984,PAT002092,DOC0058,D011,2026-06-03,17:30,Scheduled,General check-up,2026-05-14
APT00002022,PAT000726,DOC0020,D011,2026-06-19,12:30,Scheduled,Fever,2026-05-23
APT00002087,PAT001213,DOC0020,D011,2026-06-03,14:00,Scheduled,General check-up,2026-04-30
APT00002114,PAT000141,DOC0011,D005,2026-06-18,15:15,Scheduled,General check-up,2026-05-04
APT00002216,PAT003693,DOC0002,D006,2026-06-01,08:15,Scheduled,Cough,2026-05-29
APT00002217,PAT001406,DOC0028,D001,2026-05-26,17:30,Scheduled,Cough,2026-05-07
APT00002331,PAT003910,DOC0030,D011,2026-07-05,13:00,Scheduled,Diabetes follow-up,2026-06-15
APT00002354,PAT003651,DOC0030,D011,2026-07-05,07:30,Scheduled,Abdominal pain,2026-05-24
APT00002370,PAT000059,DOC0008,D011,2026-05-25,07:30,Scheduled,Pregnancy check,2026-05-19
APT00002401,PAT003637,DOC0028,D001,2026-05-25,08:00,Scheduled,Diabetes follow-up,2026-05-08
APT00002452,PAT003448,DOC0012,D004,2026-06-17,14:00,Scheduled,Follow-up,2026-06-07
APT00002494,PAT002400,DOC0058,D011,2026-07-05,09:45,Scheduled,Cough,2026-06-11
APT00002590,PAT001718,DOC0058,D011,2026-06-09,16:00,Scheduled,Diabetes follow-up,2026-05-24
APT00002636,PAT001840,DOC0008,D011,2026-07-02,17:45,Scheduled,Back pain,2026-06-09
APT00002666,PAT003890,DOC0053,D011,2026-05-28,11:45,Scheduled,Chest pain,2026-04-13
APT00002675,PAT001593,DOC0053,D011,2026-05-31,11:30,Scheduled,Pregnancy check,2026-04-21
APT00002681,PAT003265,DOC0021,D003,2026-06-26,14:45,Scheduled,Pregnancy check,2026-06-05
APT00002694,PAT000512,DOC0013,D012,2026-06-26,14:15,Scheduled,Hypertension follow-up,2026-06-18
APT00002714,PAT000153,DOC0017,D002,2026-07-01,12:00,Scheduled,Diabetes follow-up,2026-06-02
APT00002736,PAT000608,DOC0053,D011,2026-06-29,17:00,Scheduled,Pregnancy check,2026-06-03
APT00002737,PAT002622,DOC0044,D005,2026-06-25,10:00,Scheduled,Fever,2026-06-20
APT00002774,PAT003295,DOC0008,D011,2026-06-17,15:15,Scheduled,General check-up,2026-06-09
APT00002797,PAT002807,DOC0049,D011,2026-06-26,11:45,Scheduled,Back pain,2026-06-25
APT00002826,PAT000533,DOC0012,D004,2026-06-11,10:15,Scheduled,Follow-up,2026-05-24
APT00002875,PAT002729,DOC0046,D012,2026-06-06,15:15,Scheduled,Abdominal pain,2026-05-10
APT00002876,PAT002872,DOC0001,D005,2026-06-24,15:45,Scheduled,Abdominal pain,2026-05-16
APT00002943,PAT000253,DOC0041,D002,2026-06-03,11:00,Scheduled,Cough,2026-05-05
APT00003027,PAT002398,DOC0043,D004,2026-06-02,07:30,Scheduled,Hypertension follow-up,2026-05-06
APT00003167,PAT002910,DOC0021,D003,2026-06-23,10:00,Scheduled,Diabetes follow-up,2026-05-26
APT00003184,PAT003841,DOC0011,D005,2026-06-13,15:00,Scheduled,General check-up,2026-05-17
APT00003220,PAT002882,DOC0058,D011,2026-06-14,15:45,Scheduled,Diabetes follow-up,2026-06-10
APT00003274,PAT002019,DOC0042,D002,2026-06-04,09:30,Scheduled,Hypertension follow-up,2026-05-21
APT00003286,PAT003410,DOC0060,D001,2026-07-07,07:00,Scheduled,Abdominal pain,2026-06-28
APT00003287,PAT001561,DOC0026,D011,2026-07-04,15:15,Scheduled,Follow-up,2026-06-11
APT00003350,PAT001289,DOC0015,D004,2026-06-23,14:00,Scheduled,Cough,2026-06-14
APT00003359,PAT004051,DOC0038,D005,2026-05-25,15:30,Scheduled,Hypertension follow-up,2026-05-17
APT00003428,PAT000453,DOC0035,D012,2026-06-22,13:45,Scheduled,Chest pain,2026-05-28
APT00003436,PAT002400,DOC0050,D003,2026-06-12,16:30,Scheduled,Diabetes follow-up,2026-05-11
APT00003458,PAT000956,DOC0058,D011,2026-06-05,09:15,Scheduled,Follow-up,2026-05-10
APT00003514,PAT003454,DOC0050,D003,2026-07-03,14:30,Scheduled,Hypertension follow-up,2026-06-15
APT00003532,PAT000271,DOC0008,D011,2026-06-08,15:00,Scheduled,Cough,2026-04-28
APT00003574,PAT003179,DOC0056,D003,2026-06-10,11:00,Scheduled,General check-up,2026-06-05
APT00003607,PAT002091,DOC0036,D002,2026-07-02,15:30,Scheduled,Fever,2026-06-28
APT00003654,PAT002590,DOC0054,D006,2026-05-30,15:45,Scheduled,Pregnancy check,2026-04-26
APT00003687,PAT002459,DOC0013,D012,2026-06-14,08:00,Scheduled,Back pain,2026-05-19
APT00003692,PAT001301,DOC0026,D011,2026-07-05,08:45,Scheduled,Follow-up,2026-06-16
APT00003754,PAT000897,DOC0030,D011,2026-06-21,14:15,Scheduled,Cough,2026-05-13
APT00003761,PAT001248,DOC0049,D011,2026-06-22,14:30,Scheduled,Abdominal pain,2026-06-09
APT00003764,PAT001836,DOC0017,D002,2026-05-30,07:15,Scheduled,General check-up,2026-05-07
APT00003883,PAT000529,DOC0017,D002,2026-05-24,13:00,Scheduled,Abdominal pain,2026-05-14
APT00003935,PAT000177,DOC0008,D011,2026-06-30,14:00,Scheduled,Diabetes follow-up,2026-06-14
APT00003941,PAT002150,DOC0030,D011,2026-07-04,16:45,Scheduled,Abdominal pain,2026-07-01
APT00003978,PAT002081,DOC0049,D011,2026-06-25,08:45,Scheduled,Fever,2026-06-01
APT00003994,PAT002973,DOC0042,D002,2026-07-07,17:45,Scheduled,Hypertension follow-up,2026-06-28
APT00004018,PAT003136,DOC0028,D001,2026-06-10,12:15,Scheduled,Abdominal pain,2026-06-09
APT00004020,PAT002204,DOC0058,D011,2026-05-25,11:15,Scheduled,General check-up,2026-05-21
APT00004103,PAT000548,DOC0020,D011,2026-06-21,08:45,Scheduled,Hypertension follow-up,2026-05-24
APT00004125,PAT001937,DOC0049,D011,2026-05-30,10:00,Scheduled,Hypertension follow-up,2026-05-03
APT00004184,PAT002699,DOC0012,D004,2026-06-29,12:45,Scheduled,Chest pain,2026-06-22
APT00004226,PAT001056,DOC0007,D005,2026-06-02,13:30,Scheduled,General check-up,2026-05-11
APT00004246,PAT000434,DOC0037,D003,2026-06-03,10:00,Scheduled,Diabetes follow-up,2026-04-29
APT00004252,PAT003278,DOC0020,D011,2026-06-25,16:30,Scheduled,Back pain,2026-06-16
APT00004258,PAT004037,DOC0030,D011,2026-06-28,13:00,Scheduled,Abdominal pain,2026-06-09
APT00004276,PAT003204,DOC0004,D005,2026-06-29,15:00,Scheduled,Back pain,2026-05-21
APT00004300,PAT001094,DOC0028,D001,2026-06-08,12:45,Scheduled,Cough,2026-06-07
APT00004324,PAT001043,DOC0049,D011,2026-06-12,13:30,Scheduled,Follow-up,2026-06-11
APT00004344,PAT001490,DOC0020,D011,2026-06-17,11:45,Scheduled,General check-up,2026-05-08
APT00004352,PAT000556,DOC0025,D004,2026-07-04,12:15,Scheduled,Pregnancy check,2026-06-16
APT00004361,PAT002649,DOC0042,D002,2026-07-01,09:00,Scheduled,General check-up,2026-06-15
APT00004364,PAT003506,DOC0030,D011,2026-06-26,08:15,Scheduled,Hypertension follow-up,2026-05-20
APT00004391,PAT002085,DOC0036,D002,2026-05-31,07:00,Scheduled,General check-up,2026-04-29
APT00004438,PAT002107,DOC0020,D011,2026-07-03,15:45,Scheduled,Cough,2026-05-29
APT00004468,PAT003367,DOC0030,D011,2026-05-27,10:30,Scheduled,Abdominal pain,2026-05-15
APT00004482,PAT002417,DOC0008,D011,2026-05-25,08:15,Scheduled,Chest pain,2026-05-08
APT00004522,PAT004200,DOC0041,D002,2026-06-07,12:45,Scheduled,Chest pain,2026-06-02
APT00004565,PAT004002,DOC0026,D011,2026-06-01,09:45,Scheduled,Fever,2026-05-07
APT00004610,PAT001699,DOC0049,D011,2026-06-23,09:15,Scheduled,Follow-up,2026-06-10
APT00004656,PAT002442,DOC0049,D011,2026-07-06,17:15,Scheduled,Cough,2026-06-05
APT00004738,PAT003658,DOC0053,D011,2026-06-18,08:00,Scheduled,Hypertension follow-up,2026-06-15
APT00004746,PAT001451,DOC0005,D002,2026-06-11,10:15,Scheduled,Pregnancy check,2026-05-05
APT00004756,PAT003551,DOC0022,D002,2026-06-07,12:45,Scheduled,Fever,2026-04-29
APT00004769,PAT002630,DOC0036,D002,2026-06-06,16:30,Scheduled,Abdominal pain,2026-05-27
APT00004775,PAT000974,DOC0008,D011,2026-06-15,08:00,Scheduled,Chest pain,2026-05-01
APT00004873,PAT003944,DOC0011,D005,2026-05-28,07:15,Scheduled,Fever,2026-04-19
APT00004888,PAT002830,DOC0006,D006,2026-05-31,12:30,Scheduled,Diabetes follow-up,2026-04-20
APT00004893,PAT000081,DOC0056,D003,2026-06-08,15:45,Scheduled,Fever,2026-05-29
APT00004908,PAT002388,DOC0020,D011,2026-06-30,17:00,Scheduled,Fever,2026-06-26
APT00005006,PAT001782,DOC0035,D012,2026-06-02,13:15,Scheduled,Cough,2026-05-11
APT00005091,PAT001765,DOC0050,D003,2026-06-11,12:00,Scheduled,Back pain,2026-06-04
APT00005167,PAT000836,DOC0028,D001,2026-06-09,14:00,Scheduled,Hypertension follow-up,2026-05-24
APT00005181,PAT000696,DOC0005,D002,2026-06-29,13:45,Scheduled,Chest pain,2026-06-19
APT00005199,PAT001946,DOC0058,D011,2026-07-07,16:30,Scheduled,Cough,2026-06-10
APT00005268,PAT003501,DOC0021,D003,2026-07-07,14:15,Scheduled,Pregnancy check,2026-06-17
APT00005361,PAT002242,DOC0025,D004,2026-06-21,12:45,Scheduled,General check-up,2026-06-14
APT00005399,PAT003732,DOC0042,D002,2026-06-13,07:00,Scheduled,Follow-up,2026-05-22
APT00005400,PAT000755,DOC0020,D011,2026-07-01,17:00,Scheduled,Fever,2026-06-03
APT00005417,PAT002614,DOC0005,D002,2026-06-23,15:15,Scheduled,Pregnancy check,2026-05-12
APT00005421,PAT002027,DOC0006,D006,2026-06-04,13:30,Scheduled,Diabetes follow-up,2026-05-23
APT00005431,PAT000702,DOC0030,D011,2026-07-01,12:15,Scheduled,Back pain,2026-05-24
APT00005432,PAT000339,DOC0026,D011,2026-06-02,10:15,Scheduled,Fever,2026-05-05
APT00005439,PAT001580,DOC0049,D011,2026-06-02,17:15,Scheduled,Hypertension follow-up,2026-05-12
APT00005446,PAT001533,DOC0010,D005,2026-06-23,11:30,Scheduled,Fever,2026-06-07
APT00005543,PAT002890,DOC0030,D011,2026-06-10,15:30,Scheduled,Fever,2026-05-17
APT00005548,PAT001859,DOC0050,D003,2026-06-19,16:00,Scheduled,Fever,2026-06-17
APT00005589,PAT002783,DOC0053,D011,2026-06-15,12:45,Scheduled,Fever,2026-05-07
APT00005595,PAT001521,DOC0041,D002,2026-06-11,07:45,Scheduled,General check-up,2026-05-25
APT00005686,PAT000281,DOC0058,D011,2026-06-03,10:30,Scheduled,Hypertension follow-up,2026-05-09
APT00005691,PAT003653,DOC0020,D011,2026-06-07,15:00,Scheduled,Chest pain,2026-05-23
APT00005757,PAT003920,DOC0006,D006,2026-07-04,17:45,Scheduled,Chest pain,2026-05-20
APT00005775,PAT000071,DOC0053,D011,2026-06-03,13:45,Scheduled,Diabetes follow-up,2026-05-30
APT00005786,PAT002464,DOC0042,D002,2026-05-30,12:45,Scheduled,Cough,2026-05-26
APT00005807,PAT001009,DOC0030,D011,2026-06-18,17:00,Scheduled,Abdominal pain,2026-05-07
APT00005878,PAT001717,DOC0002,D006,2026-06-06,08:45,Scheduled,Follow-up,2026-05-05
APT00005897,PAT001654,DOC0013,D012,2026-06-23,15:30,Scheduled,Abdominal pain,2026-06-03
APT00005938,PAT000211,DOC0040,D005,2026-06-25,10:30,Scheduled,Cough,2026-06-15
APT00005972,PAT002254,DOC0026,D011,2026-06-01,16:00,Scheduled,Hypertension follow-up,2026-05-22
APT00005976,PAT002615,DOC0060,D001,2026-06-11,12:15,Scheduled,Chest pain,2026-05-13
APT00006002,PAT003392,DOC0053,D011,2026-07-03,14:15,Scheduled,General check-up,2026-06-22
APT00006028,PAT002044,DOC0041,D002,2026-05-30,11:15,Scheduled,Follow-up,2026-05-16
APT00006056,PAT003351,DOC0060,D001,2026-07-06,16:15,Scheduled,Diabetes follow-up,2026-07-03
APT00006086,PAT003756,DOC0015,D004,2026-06-01,09:45,Scheduled,Diabetes follow-up,2026-05-31
APT00006129,PAT000332,DOC0037,D003,2026-06-02,10:15,Scheduled,Pregnancy check,2026-05-18
APT00006157,PAT000886,DOC0012,D004,2026-06-15,14:15,Scheduled,Fever,2026-05-01
APT00006171,PAT002994,DOC0049,D011,2026-06-12,07:00,Scheduled,Diabetes follow-up,2026-05-14
APT00006227,PAT001684,DOC0051,D006,2026-06-21,17:45,Scheduled,Pregnancy check,2026-05-28
APT00006243,PAT000372,DOC0026,D011,2026-06-21,11:00,Scheduled,Back pain,2026-06-04
APT00006258,PAT002179,DOC0018,D004,2026-06-17,16:00,Scheduled,Pregnancy check,2026-06-16
APT00006301,PAT002078,DOC0030,D011,2026-05-26,16:15,Scheduled,Back pain,2026-05-05
APT00006430,PAT002586,DOC0026,D011,2026-06-23,11:00,Scheduled,Hypertension follow-up,2026-05-26
APT00006454,PAT004104,DOC0030,D011,2026-06-14,16:15,Scheduled,Back pain,2026-05-03
APT00006507,PAT002308,DOC0058,D011,2026-05-26,11:15,Scheduled,Hypertension follow-up,2026-05-04
APT00006584,PAT000035,DOC0053,D011,2026-06-27,09:00,Scheduled,General check-up,2026-05-25
APT00006607,PAT002852,DOC0015,D004,2026-06-05,17:00,Scheduled,General check-up,2026-05-01
APT00006641,PAT002735,DOC0054,D006,2026-06-20,13:30,Scheduled,Back pain,2026-06-07
APT00006655,PAT001324,DOC0037,D003,2026-06-04,12:00,Scheduled,Abdominal pain,2026-06-01
APT00006855,PAT000365,DOC0008,D011,2026-06-05,08:30,Scheduled,Abdominal pain,2026-05-24
APT00006929,PAT003017,DOC0030,D011,2026-06-17,15:30,Scheduled,Chest pain,2026-06-06
APT00007000,PAT002881,DOC0027,D002,2026-06-09,15:15,Scheduled,Follow-up,2026-06-08
APT00007047,PAT002417,DOC0028,D001,2026-06-17,11:15,Scheduled,Fever,2026-05-16
APT00007064,PAT001661,DOC0026,D011,2026-07-04,11:00,Scheduled,Cough,2026-06-12
APT00007076,PAT000058,DOC0008,D011,2026-06-04,15:30,Scheduled,Back pain,2026-04-25
APT00007077,PAT001175,DOC0053,D011,2026-05-28,08:00,Scheduled,Pregnancy check,2026-05-25
APT00007083,PAT003614,DOC0030,D011,2026-06-09,14:30,Scheduled,General check-up,2026-06-03
APT00007137,PAT003134,DOC0008,D011,2026-06-08,10:15,Scheduled,Diabetes follow-up,2026-05-13
APT00007190,PAT000704,DOC0022,D002,2026-06-06,13:30,Scheduled,Pregnancy check,2026-05-29
APT00007248,PAT003937,DOC0021,D003,2026-06-25,13:15,Scheduled,Diabetes follow-up,2026-06-15
APT00007269,PAT000116,DOC0028,D001,2026-06-04,16:30,Scheduled,Back pain,2026-05-04
APT00007325,PAT002492,DOC0017,D002,2026-05-30,12:00,Scheduled,Abdominal pain,2026-05-20
APT00007336,PAT003605,DOC0030,D011,2026-06-13,07:45,Scheduled,Hypertension follow-up,2026-06-09
APT00007343,PAT000581,DOC0021,D003,2026-06-20,17:45,Scheduled,Pregnancy check,2026-05-25
APT00007349,PAT001040,DOC0056,D003,2026-07-05,12:45,Scheduled,Cough,2026-05-23
APT00007376,PAT003738,DOC0058,D011,2026-05-28,17:45,Scheduled,Follow-up,2026-05-20
APT00007381,PAT001765,DOC0025,D004,2026-05-27,07:00,Scheduled,Follow-up,2026-05-14
APT00007382,PAT001379,DOC0030,D011,2026-06-04,07:15,Scheduled,Diabetes follow-up,2026-05-10
APT00007393,PAT002955,DOC0020,D011,2026-07-04,12:30,Scheduled,Back pain,2026-06-06
APT00007412,PAT000870,DOC0045,D006,2026-06-25,17:45,Scheduled,Fever,2026-05-28
APT00007463,PAT002069,DOC0028,D001,2026-05-24,16:30,Scheduled,General check-up,2026-04-22
APT00007495,PAT000337,DOC0026,D011,2026-06-25,07:30,Scheduled,Back pain,2026-05-20
APT00007578,PAT000564,DOC0028,D001,2026-06-30,15:30,Scheduled,Diabetes follow-up,2026-06-07
APT00007597,PAT002217,DOC0008,D011,2026-06-07,11:45,Scheduled,Fever,2026-04-29
APT00007612,PAT000621,DOC0021,D003,2026-07-02,10:45,Scheduled,Cough,2026-06-22
APT00007619,PAT003292,DOC0038,D005,2026-06-20,17:45,Scheduled,Chest pain,2026-05-25
APT00007671,PAT001164,DOC0008,D011,2026-06-10,17:30,Scheduled,Hypertension follow-up,2026-05-19
APT00007687,PAT000266,DOC0008,D011,2026-05-25,17:45,Scheduled,Fever,2026-05-06
APT00007700,PAT002028,DOC0021,D003,2026-06-19,16:30,Scheduled,General check-up,2026-05-27
APT00007720,PAT000984,DOC0025,D004,2026-05-28,13:45,Scheduled,Back pain,2026-05-01
APT00007801,PAT001367,DOC0047,D006,2026-05-24,09:30,Scheduled,General check-up,2026-04-10
APT00007820,PAT003566,DOC0029,D002,2026-06-11,16:30,Scheduled,Pregnancy check,2026-05-27
APT00007898,PAT001284,DOC0020,D011,2026-06-12,16:15,Scheduled,Follow-up,2026-05-25
APT00007946,PAT001972,DOC0050,D003,2026-06-27,10:30,Scheduled,Hypertension follow-up,2026-05-16
APT00007985,PAT003814,DOC0035,D012,2026-06-06,10:45,Scheduled,Follow-up,2026-05-12
APT00008022,PAT001176,DOC0053,D011,2026-05-29,17:00,Scheduled,Cough,2026-05-04
APT00008025,PAT000308,DOC0005,D002,2026-06-15,08:00,Scheduled,Follow-up,2026-05-05
APT00008043,PAT000056,DOC0030,D011,2026-06-23,17:45,Scheduled,Back pain,2026-05-18
APT00008085,PAT003224,DOC0020,D011,2026-06-06,07:30,Scheduled,Chest pain,2026-05-30
APT00008241,PAT002595,DOC0047,D006,2026-07-03,07:00,Scheduled,Follow-up,2026-06-29
APT00008300,PAT001292,DOC0005,D002,2026-06-14,09:45,Scheduled,Cough,2026-05-11
APT00008321,PAT001473,DOC0017,D002,2026-06-17,17:45,Scheduled,Abdominal pain,2026-06-06
APT00008371,PAT001863,DOC0045,D006,2026-06-23,08:45,Scheduled,General check-up,2026-06-02
APT00008461,PAT003026,DOC0042,D002,2026-06-28,09:45,Scheduled,Fever,2026-06-10
APT00008477,PAT002576,DOC0036,D002,2026-05-30,11:15,Scheduled,Back pain,2026-05-25
APT00008529,PAT000509,DOC0037,D003,2026-06-18,14:30,Scheduled,Back pain,2026-05-25
APT00008532,PAT001080,DOC0049,D011,2026-05-29,08:30,Scheduled,General check-up,2026-04-28
APT00008548,PAT003595,DOC0026,D011,2026-06-26,11:00,Scheduled,Cough,2026-06-16
APT00008579,PAT003299,DOC0037,D003,2026-06-12,08:00,Scheduled,Back pain,2026-05-20
APT00008592,PAT001396,DOC0007,D005,2026-06-15,10:30,Scheduled,Hypertension follow-up,2026-05-22
APT00008609,PAT001212,DOC0021,D003,2026-06-02,12:15,Scheduled,Cough,2026-04-19
APT00008621,PAT001340,DOC0020,D011,2026-06-14,11:30,Scheduled,Pregnancy check,2026-06-07
APT00008682,PAT001655,DOC0028,D001,2026-05-24,17:15,Scheduled,Back pain,2026-04-18
APT00008714,PAT000155,DOC0026,D011,2026-06-02,10:00,Scheduled,Hypertension follow-up,2026-05-20
APT00008783,PAT003660,DOC0055,D005,2026-06-20,14:00,Scheduled,Cough,2026-05-27
APT00008796,PAT000633,DOC0010,D005,2026-06-16,13:45,Scheduled,Pregnancy check,2026-05-16
APT00008905,PAT003102,DOC0043,D004,2026-06-07,11:15,Scheduled,Hypertension follow-up,2026-04-29
APT00008906,PAT002586,DOC0035,D012,2026-06-25,08:00,Scheduled,Hypertension follow-up,2026-06-24
APT00008956,PAT002693,DOC0018,D004,2026-06-28,11:45,Scheduled,Follow-up,2026-05-20
APT00008980,PAT002424,DOC0020,D011,2026-06-04,14:15,Scheduled,Abdominal pain,2026-05-25
APT00009013,PAT003896,DOC0030,D011,2026-06-03,09:30,Scheduled,Cough,2026-05-15
APT00009148,PAT002676,DOC0058,D011,2026-06-15,07:45,Scheduled,Cough,2026-05-24
APT00009174,PAT002562,DOC0041,D002,2026-06-04,13:45,Scheduled,Cough,2026-04-26
APT00009264,PAT003990,DOC0030,D011,2026-07-05,10:45,Scheduled,Hypertension follow-up,2026-06-12
APT00009269,PAT001993,DOC0020,D011,2026-06-15,16:45,Scheduled,Follow-up,2026-06-07
APT00009273,PAT001829,DOC0028,D001,2026-06-03,14:45,Scheduled,General check-up,2026-04-22
APT00009302,PAT002303,DOC0026,D011,2026-07-07,17:00,Scheduled,Diabetes follow-up,2026-06-29
APT00009356,PAT002178,DOC0041,D002,2026-05-30,12:45,Scheduled,Follow-up,2026-05-21
APT00009359,PAT001124,DOC0012,D004,2026-07-01,15:30,Scheduled,Cough,2026-06-29
APT00009420,PAT003034,DOC0041,D002,2026-06-18,07:30,Scheduled,Cough,2026-05-08
APT00009449,PAT000151,DOC0023,D006,2026-06-16,17:45,Scheduled,Diabetes follow-up,2026-05-31
APT00009617,PAT000237,DOC0049,D011,2026-06-12,15:15,Scheduled,Back pain,2026-05-20
APT00009636,PAT003737,DOC0006,D006,2026-06-20,11:15,Scheduled,General check-up,2026-05-07
APT00009652,PAT002784,DOC0022,D002,2026-07-05,13:15,Scheduled,Fever,2026-06-04
APT00009677,PAT002787,DOC0058,D011,2026-05-24,09:30,Scheduled,Fever,2026-04-24
APT00009727,PAT000067,DOC0036,D002,2026-06-15,11:00,Scheduled,Follow-up,2026-05-12
APT00009820,PAT000480,DOC0030,D011,2026-06-26,15:15,Scheduled,Hypertension follow-up,2026-06-16
APT00009856,PAT002233,DOC0001,D005,2026-05-29,13:45,Scheduled,Fever,2026-05-26
APT00010006,PAT001381,DOC0004,D005,2026-06-01,13:30,Scheduled,Chest pain,2026-04-18
APT00010008,PAT001468,DOC0053,D011,2026-06-01,12:45,Scheduled,Fever,2026-04-22
APT00010077,PAT000023,DOC0029,D002,2026-05-28,16:00,Scheduled,Chest pain,2026-04-13
APT00010108,PAT003871,DOC0030,D011,2026-05-31,12:30,Scheduled,Cough,2026-05-23
APT00010197,PAT001517,DOC0017,D002,2026-06-19,08:15,Scheduled,Back pain,2026-05-20
APT00010232,PAT001764,DOC0004,D005,2026-06-12,12:45,Scheduled,Hypertension follow-up,2026-05-19
APT00010236,PAT003306,DOC0041,D002,2026-07-05,09:30,Scheduled,Back pain,2026-05-31
APT00010347,PAT002473,DOC0035,D012,2026-06-21,10:45,Scheduled,Back pain,2026-06-02
APT00010381,PAT003339,DOC0015,D004,2026-05-30,16:00,Scheduled,Hypertension follow-up,2026-04-21
APT00010466,PAT003257,DOC0049,D011,2026-06-09,14:00,Scheduled,Pregnancy check,2026-05-02
APT00010550,PAT003508,DOC0050,D003,2026-05-26,12:45,Scheduled,Hypertension follow-up,2026-05-04
APT00010617,PAT001188,DOC0005,D002,2026-06-23,08:45,Scheduled,Abdominal pain,2026-06-03
APT00010638,PAT002953,DOC0046,D012,2026-06-03,17:30,Scheduled,Pregnancy check,2026-05-17
APT00010644,PAT002776,DOC0046,D012,2026-06-02,13:00,Scheduled,Diabetes follow-up,2026-05-20
APT00010647,PAT001008,DOC0022,D002,2026-05-27,17:30,Scheduled,Pregnancy check,2026-05-15
APT00010657,PAT002142,DOC0028,D001,2026-05-29,14:00,Scheduled,Back pain,2026-05-21
APT00010662,PAT001951,DOC0017,D002,2026-06-10,15:30,Scheduled,Abdominal pain,2026-05-25
APT00010694,PAT003260,DOC0020,D011,2026-05-26,14:00,Scheduled,Diabetes follow-up,2026-04-24
APT00010787,PAT001057,DOC0028,D001,2026-06-26,07:00,Scheduled,Cough,2026-06-24
APT00010801,PAT003142,DOC0008,D011,2026-06-11,14:15,Scheduled,General check-up,2026-06-07
APT00010853,PAT002533,DOC0053,D011,2026-06-14,08:45,Scheduled,Follow-up,2026-05-30
APT00010864,PAT003251,DOC0025,D004,2026-06-20,08:00,Scheduled,Abdominal pain,2026-06-09
APT00010899,PAT002866,DOC0041,D002,2026-06-08,07:15,Scheduled,Fever,2026-05-19
APT00010905,PAT001948,DOC0050,D003,2026-06-26,10:15,Scheduled,Abdominal pain,2026-06-14
APT00010914,PAT003195,DOC0053,D011,2026-06-19,14:30,Scheduled,Diabetes follow-up,2026-05-28
APT00010961,PAT002110,DOC0020,D011,2026-06-18,09:45,Scheduled,Pregnancy check,2026-05-09
APT00010975,PAT001208,DOC0026,D011,2026-05-24,10:15,Scheduled,Follow-up,2026-05-12
APT00011039,PAT003948,DOC0020,D011,2026-06-13,13:30,Scheduled,Follow-up,2026-05-13
APT00011053,PAT001502,DOC0006,D006,2026-06-05,07:45,Scheduled,Abdominal pain,2026-05-15
APT00011071,PAT002283,DOC0017,D002,2026-05-27,10:15,Scheduled,General check-up,2026-04-26
APT00011072,PAT001496,DOC0043,D004,2026-06-28,08:45,Scheduled,Pregnancy check,2026-06-21
APT00011165,PAT001398,DOC0021,D003,2026-06-06,11:30,Scheduled,General check-up,2026-05-23
APT00011189,PAT001933,DOC0035,D012,2026-06-08,16:45,Scheduled,Abdominal pain,2026-06-06
APT00011239,PAT001359,DOC0025,D004,2026-06-22,09:15,Scheduled,Follow-up,2026-05-24
APT00011245,PAT001357,DOC0026,D011,2026-06-08,07:00,Scheduled,Follow-up,2026-04-30
APT00011307,PAT003872,DOC0028,D001,2026-05-27,17:15,Scheduled,Abdominal pain,2026-05-05
APT00011312,PAT002024,DOC0020,D011,2026-06-10,10:15,Scheduled,General check-up,2026-04-26
APT00011339,PAT002786,DOC0030,D011,2026-06-29,13:30,Scheduled,Abdominal pain,2026-06-03
APT00011477,PAT000601,DOC0053,D011,2026-05-24,12:00,Scheduled,Hypertension follow-up,2026-05-19
APT00011482,PAT004117,DOC0053,D011,2026-07-03,12:15,Scheduled,Hypertension follow-up,2026-06-12
APT00011578,PAT002971,DOC0060,D001,2026-06-13,17:00,Scheduled,Fever,2026-05-28
APT00011618,PAT003823,DOC0025,D004,2026-06-19,09:30,Scheduled,Cough,2026-05-15
APT00011647,PAT000488,DOC0023,D006,2026-05-30,09:45,Scheduled,Pregnancy check,2026-05-06
APT00011656,PAT001571,DOC0058,D011,2026-05-29,10:15,Scheduled,Fever,2026-04-15
APT00011663,PAT003058,DOC0053,D011,2026-05-28,17:30,Scheduled,Chest pain,2026-04-13
APT00011695,PAT004015,DOC0008,D011,2026-06-17,13:15,Scheduled,Diabetes follow-up,2026-05-06
APT00011797,PAT001768,DOC0020,D011,2026-06-29,11:45,Scheduled,Diabetes follow-up,2026-06-08
APT00011800,PAT000998,DOC0030,D011,2026-06-14,09:15,Scheduled,Diabetes follow-up,2026-05-20
APT00011851,PAT003155,DOC0028,D001,2026-07-04,12:30,Scheduled,Abdominal pain,2026-06-13
APT00011891,PAT002569,DOC0008,D011,2026-07-01,13:00,Scheduled,General check-up,2026-05-29
APT00011895,PAT001799,DOC0041,D002,2026-06-27,11:30,Scheduled,Chest pain,2026-05-28
APT00011943,PAT002241,DOC0027,D002,2026-06-12,10:30,Scheduled,Cough,2026-05-13
APT00012048,PAT003548,DOC0008,D011,2026-06-22,07:30,Scheduled,Follow-up,2026-06-06
APT00012072,PAT001391,DOC0025,D004,2026-06-05,17:15,Scheduled,Cough,2026-05-07
APT00012089,PAT001904,DOC0026,D011,2026-06-05,11:30,Scheduled,General check-up,2026-05-03
APT00012115,PAT003185,DOC0053,D011,2026-06-23,16:15,Scheduled,Abdominal pain,2026-05-18
APT00012120,PAT000648,DOC0012,D004,2026-05-29,09:00,Scheduled,Back pain,2026-05-09
APT00012138,PAT002195,DOC0015,D004,2026-06-06,09:45,Scheduled,Follow-up,2026-05-29
APT00012166,PAT002103,DOC0055,D005,2026-06-09,10:15,Scheduled,Fever,2026-05-29
APT00012191,PAT003665,DOC0005,D002,2026-06-22,08:45,Scheduled,Follow-up,2026-06-13
APT00012220,PAT002756,DOC0037,D003,2026-06-11,16:15,Scheduled,Pregnancy check,2026-05-20
APT00012258,PAT003773,DOC0002,D006,2026-06-17,10:30,Scheduled,Diabetes follow-up,2026-05-21
APT00012283,PAT000289,DOC0025,D004,2026-06-27,09:30,Scheduled,Fever,2026-06-05
APT00012294,PAT002344,DOC0058,D011,2026-07-03,12:30,Scheduled,Back pain,2026-06-29
APT00012355,PAT000719,DOC0008,D011,2026-05-29,12:30,Scheduled,Pregnancy check,2026-04-15
APT00012375,PAT004132,DOC0020,D011,2026-06-23,12:15,Scheduled,General check-up,2026-06-18
APT00012424,PAT000511,DOC0029,D002,2026-06-09,12:15,Scheduled,Chest pain,2026-05-28
APT00012498,PAT003289,DOC0008,D011,2026-06-16,12:45,Scheduled,Cough,2026-05-17
APT00012747,PAT002125,DOC0020,D011,2026-06-02,12:30,Scheduled,General check-up,2026-05-17
APT00012750,PAT003447,DOC0060,D001,2026-06-02,10:45,Scheduled,Abdominal pain,2026-05-01
APT00012787,PAT003912,DOC0027,D002,2026-06-29,14:00,Scheduled,Pregnancy check,2026-06-26
APT00012926,PAT002957,DOC0030,D011,2026-06-27,07:00,Scheduled,Pregnancy check,2026-06-01
APT00013022,PAT002046,DOC0053,D011,2026-06-23,07:45,Scheduled,Back pain,2026-05-19
APT00013111,PAT001119,DOC0017,D002,2026-06-03,12:00,Scheduled,Abdominal pain,2026-06-02
APT00013112,PAT000654,DOC0008,D011,2026-06-10,15:15,Scheduled,Diabetes follow-up,2026-05-24
APT00013130,PAT000009,DOC0020,D011,2026-06-16,08:30,Scheduled,General check-up,2026-06-04
APT00013140,PAT004149,DOC0056,D003,2026-06-15,08:30,Scheduled,Chest pain,2026-06-10
APT00013167,PAT002120,DOC0041,D002,2026-06-03,14:00,Scheduled,Chest pain,2026-04-20
APT00013236,PAT000973,DOC0028,D001,2026-06-02,13:15,Scheduled,Follow-up,2026-05-05
APT00013357,PAT001592,DOC0049,D011,2026-06-10,08:00,Scheduled,Pregnancy check,2026-05-04
APT00013403,PAT001653,DOC0030,D011,2026-06-01,13:00,Scheduled,Cough,2026-05-16
APT00013484,PAT001428,DOC0041,D002,2026-06-09,07:15,Scheduled,Diabetes follow-up,2026-06-02
APT00013495,PAT003752,DOC0030,D011,2026-06-26,17:15,Scheduled,Chest pain,2026-06-22
APT00013526,PAT001831,DOC0036,D002,2026-06-30,10:45,Scheduled,Cough,2026-06-23
APT00013534,PAT001060,DOC0060,D001,2026-06-21,17:00,Scheduled,Back pain,2026-05-12
APT00013589,PAT003533,DOC0029,D002,2026-06-04,12:30,Scheduled,Cough,2026-05-16
APT00013621,PAT000518,DOC0049,D011,2026-06-02,11:30,Scheduled,Abdominal pain,2026-05-09
APT00013633,PAT002372,DOC0037,D003,2026-07-03,07:45,Scheduled,Fever,2026-06-27
APT00013658,PAT002825,DOC0030,D011,2026-06-10,08:45,Scheduled,Hypertension follow-up,2026-06-06
APT00013731,PAT003795,DOC0053,D011,2026-06-21,16:15,Scheduled,General check-up,2026-06-13
APT00013787,PAT004059,DOC0046,D012,2026-06-06,16:15,Scheduled,Follow-up,2026-05-05
APT00013800,PAT001227,DOC0005,D002,2026-06-06,11:15,Scheduled,Cough,2026-05-22
APT00013812,PAT000133,DOC0037,D003,2026-06-09,16:45,Scheduled,Abdominal pain,2026-05-17
APT00013838,PAT001949,DOC0049,D011,2026-06-25,07:45,Scheduled,Abdominal pain,2026-06-22
APT00013858,PAT003776,DOC0007,D005,2026-05-25,09:00,Scheduled,Fever,2026-05-05
APT00013953,PAT001615,DOC0029,D002,2026-06-30,08:00,Scheduled,Cough,2026-06-20
APT00013992,PAT000333,DOC0042,D002,2026-05-29,12:45,Scheduled,Abdominal pain,2026-04-22
APT00014011,PAT003365,DOC0053,D011,2026-06-24,17:00,Scheduled,Diabetes follow-up,2026-06-18
APT00014018,PAT003868,DOC0003,D006,2026-05-31,10:15,Scheduled,Pregnancy check,2026-05-13
APT00014022,PAT004137,DOC0049,D011,2026-06-02,16:00,Scheduled,Pregnancy check,2026-04-22
APT00014023,PAT000147,DOC0026,D011,2026-06-29,13:00,Scheduled,Back pain,2026-05-21
APT00014093,PAT000458,DOC0056,D003,2026-05-26,07:30,Scheduled,Fever,2026-04-11
APT00014149,PAT000994,DOC0058,D011,2026-05-27,15:00,Scheduled,Abdominal pain,2026-05-23
APT00014166,PAT001254,DOC0027,D002,2026-06-11,09:15,Scheduled,Follow-up,2026-05-15
APT00014331,PAT000205,DOC0026,D011,2026-06-03,12:00,Scheduled,Chest pain,2026-05-03
APT00014344,PAT001355,DOC0030,D011,2026-07-07,10:30,Scheduled,Abdominal pain,2026-06-20
APT00014399,PAT000185,DOC0037,D003,2026-06-01,11:15,Scheduled,Chest pain,2026-05-18
APT00014422,PAT002620,DOC0053,D011,2026-06-23,12:15,Scheduled,Abdominal pain,2026-05-16
APT00014444,PAT003549,DOC0030,D011,2026-05-28,13:45,Scheduled,Follow-up,2026-05-12
APT00014449,PAT003305,DOC0044,D005,2026-06-09,09:15,Scheduled,Pregnancy check,2026-06-06
APT00014546,PAT000939,DOC0020,D011,2026-06-13,17:15,Scheduled,Cough,2026-06-02
APT00014557,PAT001109,DOC0050,D003,2026-06-12,17:30,Scheduled,Hypertension follow-up,2026-05-01
APT00014589,PAT002837,DOC0026,D011,2026-06-08,16:00,Scheduled,Diabetes follow-up,2026-05-16
APT00014626,PAT001548,DOC0050,D003,2026-06-29,15:00,Scheduled,Hypertension follow-up,2026-06-04
APT00014761,PAT002072,DOC0030,D011,2026-05-27,07:00,Scheduled,Chest pain,2026-04-24
APT00014770,PAT003576,DOC0060,D001,2026-05-26,11:00,Scheduled,Hypertension follow-up,2026-05-14
APT00014798,PAT000819,DOC0030,D011,2026-06-04,07:15,Scheduled,Pregnancy check,2026-04-30
APT00014876,PAT001301,DOC0030,D011,2026-06-15,12:00,Scheduled,Diabetes follow-up,2026-05-04
APT00014897,PAT002064,DOC0053,D011,2026-06-04,17:30,Scheduled,Back pain,2026-04-22
APT00014912,PAT004048,DOC0022,D002,2026-06-14,12:00,Scheduled,Back pain,2026-06-05
APT00014914,PAT000050,DOC0049,D011,2026-06-13,14:30,Scheduled,General check-up,2026-05-05
APT00014948,PAT000989,DOC0013,D012,2026-06-16,09:00,Scheduled,Diabetes follow-up,2026-05-11
APT00014988,PAT001444,DOC0041,D002,2026-06-19,12:00,Scheduled,Fever,2026-06-09
APT00015004,PAT002787,DOC0013,D012,2026-05-24,14:45,Scheduled,Back pain,2026-04-16
APT00015060,PAT001522,DOC0008,D011,2026-06-04,12:15,Scheduled,Abdominal pain,2026-04-30
APT00015173,PAT001761,DOC0014,D005,2026-07-04,17:30,Scheduled,Diabetes follow-up,2026-06-09
APT00015200,PAT000206,DOC0026,D011,2026-06-22,11:45,Scheduled,Hypertension follow-up,2026-06-03
APT00015265,PAT001611,DOC0008,D011,2026-06-13,15:15,Scheduled,Abdominal pain,2026-06-04
APT00015441,PAT003798,DOC0036,D002,2026-06-16,14:30,Scheduled,Back pain,2026-05-29
APT00015447,PAT001701,DOC0058,D011,2026-06-25,12:30,Scheduled,Abdominal pain,2026-06-24
APT00015478,PAT002565,DOC0014,D005,2026-06-05,17:30,Scheduled,Follow-up,2026-04-30
APT00015510,PAT000696,DOC0026,D011,2026-06-11,12:15,Scheduled,Follow-up,2026-05-15
APT00015525,PAT001837,DOC0045,D006,2026-06-05,10:30,Scheduled,Follow-up,2026-05-15
APT00015529,PAT000150,DOC0020,D011,2026-07-02,12:00,Scheduled,Cough,2026-06-06
APT00015547,PAT003869,DOC0058,D011,2026-05-26,11:45,Scheduled,Fever,2026-04-14
APT00015549,PAT003052,DOC0020,D011,2026-07-07,08:45,Scheduled,Cough,2026-06-05
APT00015552,PAT000677,DOC0040,D005,2026-06-22,13:30,Scheduled,Diabetes follow-up,2026-05-16
APT00015639,PAT000637,DOC0035,D012,2026-06-03,09:00,Scheduled,Diabetes follow-up,2026-05-29
APT00015653,PAT001595,DOC0012,D004,2026-07-04,14:00,Scheduled,Follow-up,2026-06-17
APT00015666,PAT000021,DOC0049,D011,2026-06-16,07:30,Scheduled,Fever,2026-06-10
APT00015673,PAT002271,DOC0008,D011,2026-06-30,10:00,Scheduled,Diabetes follow-up,2026-06-27
APT00015677,PAT003354,DOC0049,D011,2026-07-02,16:30,Scheduled,Chest pain,2026-06-26
APT00015800,PAT001021,DOC0036,D002,2026-06-09,13:30,Scheduled,Hypertension follow-up,2026-05-20
APT00015804,PAT002609,DOC0017,D002,2026-07-06,07:00,Scheduled,Fever,2026-06-08
APT00015808,PAT002959,DOC0055,D005,2026-06-05,07:30,Scheduled,Pregnancy check,2026-05-23
APT00015815,PAT003100,DOC0053,D011,2026-06-01,13:00,Scheduled,Fever,2026-05-11
APT00015820,PAT002467,DOC0012,D004,2026-06-21,09:30,Scheduled,Chest pain,2026-06-17
APT00015827,PAT004065,DOC0001,D005,2026-06-29,13:30,Scheduled,Fever,2026-06-09
APT00015835,PAT002070,DOC0053,D011,2026-06-09,08:30,Scheduled,Cough,2026-05-22
APT00015839,PAT003882,DOC0008,D011,2026-06-27,10:30,Scheduled,Hypertension follow-up,2026-05-28
APT00015885,PAT004041,DOC0008,D011,2026-06-18,09:45,Scheduled,Diabetes follow-up,2026-05-06
APT00015981,PAT003338,DOC0060,D001,2026-06-04,17:45,Scheduled,Chest pain,2026-05-31
